4839211,"Giving Your Baby Grown-up Food",public,38,16202,16,10/4/2015 4:05:35 AM
4839213,"5 Pretty No-Carve Pumpkin Ideas",public,57,11236,13,10/6/2015 4:05:37 AM
4839222,"Sarah Palin Knows Cheesesteak",public,71,20108,31,10/15/2015 1:05:46 AM
4839230,"Do You Do the Flu Shot?",public,62,10674,16,10/4/2015 4:05:54 AM
4839232,"An SEO friendly title here",public,107,12257,41,10/6/2015 4:05:00 AM
4839233,"Is Your Baby's Bottle Safe?",public,90,10407,21,10/7/2015 4:05:01 AM
4839234,"Yay! My Baby Claps",public,103,16530,39,10/8/2015 1:05:02 AM
4839241,"Are You Smarter Than a 5th Grader?",public,93,17127,44,10/15/2015 1:05:09 AM
4839243,"Baby Gear: I Love My ...",public,122,10858,45,10/17/2015 2:05:11 AM
4839245,"Should Sara Palin Stay Closer to Home?",public,105,9119,14,10/19/2015 4:05:13 AM
4839248,"No Homework for Kindergartners",public,117,12248,49,10/3/2015 2:05:16 AM
4839252,"Baby Names!",public,64,15576,35,10/7/2015 4:05:20 AM
4839253,"What Weight Is Overweight?",public,116,18975,26,10/8/2015 1:05:21 AM
4839256,"Cheerios is the Best Breakfast Cereal",public,70,13019,45,10/11/2015 4:05:24 AM
4839258,"Shoes for Every Mama",public,99,19903,37,10/13/2015 4:05:26 AM
4839259,"Baby Names: Two Middle Names?",public,115,11182,17,10/14/2015 4:05:27 AM
4839270,"Have You Been Bitten by Vampire Fever?",public,46,15420,35,10/6/2015 4:06:38 AM
4839277,"Who is Your Guilty Pleasure?",public,108,14243,15,10/13/2015 4:06:45 AM
4839279,"Shoes for Every Mama",public,112,10484,39,10/15/2015 1:06:47 AM
4839287,"test test test",public,148,13623,41,10/4/2015 4:06:55 AM
4839289,"Exercise During Pregnancy",public,117,11576,40,10/6/2015 4:06:01 AM
4839305,"Celebrities We Love to Hate",public,68,19009,27,10/3/2015 2:06:17 AM
4839307,"The 50 Worst Songs Ever Made",public,67,16497,36,10/5/2015 4:06:19 AM
4839312,"Professional Belly Pics",public,150,19883,48,10/10/2015 3:07:24 AM
4839315,"How to Make a Belly Cast",public,136,18866,41,10/13/2015 5:07:27 AM
4839324,"Tees for the Stars from Planet Mom",public,84,10524,29,10/3/2015 3:07:36 AM
4839326,"Clever Belly Pics!",public,95,12263,25,10/5/2015 5:07:38 AM
4839327,"A 3-Year-Old Goddess?",public,32,13458,25,10/6/2015 5:07:39 AM
4839337,"I Want to Hear from You!",public,47,9569,19,10/16/2015 5:05:49 AM
4839340,"The Five O'Clock Buzz",public,70,19469,43,10/19/2015 5:07:52 AM
4839343,"Bring Autumn Indoors",public,105,14968,17,10/3/2015 3:07:55 AM
4839346,"Who Will Support You During Labor?",public,47,16683,24,10/6/2015 5:07:02 AM
4839352,"What Are You Doing for Fun Today?",public,96,12813,47,10/12/2015 5:07:08 AM
4839357,"A Must Read! Another Funny List",public,72,16631,20,10/17/2015 3:07:13 AM
4839358,"Save Money With Homemade Pizza",public,114,20002,44,10/18/2015 5:07:14 AM
4839359,"Easy-to-Make Halloween Costumes",public,61,17265,31,10/19/2015 5:07:15 AM
4839360,"Hey, Moms, Let's Trade",public,54,9620,12,10/20/2015 5:08:16 AM
4839365,"Halloween Stranger Danger",public,84,14619,17,10/6/2015 5:08:21 AM
4839374,"Did You Go Past Your Due Date?",public,111,10770,16,10/15/2015 2:08:30 AM
4839382,"Group Hug: Birth Is Normal",public,100,19941,22,10/4/2015 5:08:38 AM
4839398,"Is Your Man a Gastrosexual?",public,29,19026,17,10/20/2015 5:08:54 AM
4839399,"Be a Part of the Beauty & Style Buzz",public,118,17822,33,10/2/2015 5:06:55 AM
4839400,"Hooray for Hair Bands!",public,141,19787,41,10/3/2015 3:08:00 AM
4839402,"Hershey's Kisses for Halloween",public,104,12175,47,10/5/2015 5:08:02 AM
4839415,"Need a Good Laugh?",public,34,10830,20,10/18/2015 6:09:15 AM
4839423,"How To Be a Recessionista",public,120,17698,30,10/7/2015 6:09:23 AM
4839430,"Rich Mom, Happy Mom?",public,73,18206,26,10/14/2015 6:09:30 AM
4839431,"Clean Hair in a Hurry",public,49,15728,18,10/15/2015 3:09:31 AM
4839439,"Top Tips for Morning Sickness",public,138,14974,35,10/4/2015 6:09:39 AM
4839446,"Found! Quick Dry Nail Polish",public,164,20019,41,10/11/2015 6:09:46 AM
4839447,"Women Get Aroused As Quickly As Men",public,120,17263,44,10/12/2015 6:09:47 AM
4839462,"Who Will Win Project Runway?",public,136,11530,36,10/8/2015 3:10:06 AM
4839464,"A Welcome Wreath (with Apples)",public,122,20317,24,10/10/2015 4:10:08 AM
4839477,"5 Tips for Getting Better Sleep",public,81,14517,46,10/4/2015 6:10:21 AM
4839491,"Design Deals - Great Art $20. Really.",public,143,9177,43,10/18/2015 6:10:35 AM
4839503,"Strategies for Coping with Bed Rest",public,116,13111,34,10/11/2015 6:10:47 AM
4839509,"Meet Up with Moms in Your Neighborhood",public,17,17554,12,10/17/2015 4:10:53 AM
4839519,"Thinking About Botox?",public,83,9314,49,10/8/2015 4:11:07 AM
4839521,"Guilt-Free Halloween Candy",public,88,12273,34,10/10/2015 5:11:09 AM
4839526,"Get Ready - 2009 Calendars Are Coming!",public,153,9822,34,10/15/2015 4:11:14 AM
4839529,"Links Sweet Links - Autumn Weekend",public,126,11464,37,10/18/2015 7:11:17 AM
4839533,"What To Do This Weekend",public,18,19360,11,10/3/2015 5:11:21 AM
4839538,"Calling All Teen Girl Artists!",public,96,12769,15,10/8/2015 4:11:26 AM
4839543,"Nutter Butter Ghost Cookies in a Jiffy",public,76,13550,35,10/13/2015 7:11:31 AM
4839546,"A Handmade Halloween With Etsy",public,40,20826,32,10/16/2015 7:09:34 AM
4839548,"Save Money on Coffee",public,130,17413,37,10/18/2015 7:11:36 AM
4839566,"Marcia Brady Tells All!",public,130,20928,28,10/17/2015 5:12:54 AM
4839567,"Feed Your Skin with a Pumpkin Facial",public,43,14839,14,10/18/2015 7:12:55 AM
4839572,"New Test Detects Autism in Infants",public,93,19818,13,10/4/2015 7:12:04 AM
4839573,"Buy a Coffee Maker & Save Money at Home",public,114,13103,23,10/5/2015 7:12:05 AM
4839585,"New on DVD!",public,70,11349,16,10/17/2015 5:12:17 AM
4839586,"Super Mom Style Tips",public,39,12362,14,10/18/2015 7:12:18 AM
4839593,"Toxic Baby Bottles Banned",public,35,20716,18,10/6/2015 7:12:25 AM
4839604,"10 Cool Baby Names to Consider",public,53,10361,34,10/17/2015 5:12:36 AM
4839605,"Retro Parties Are the Next New Thing",public,62,18612,17,10/18/2015 7:12:37 AM
4839609,"Planning for Your Period",public,176,17189,49,10/3/2015 5:12:41 AM
4839611,"More Halloween Fun!",public,54,11233,16,10/5/2015 8:13:43 AM
4839625,"Sick of Madonna Divorce Gossip? Me Too!",public,34,14582,14,10/19/2015 8:13:01 AM
4839627,"How Much Does Your Hubby Help?",public,104,11412,41,10/2/2015 8:11:03 AM
4839628,"How to Shop Vintage & Thrift Stores",public,70,15719,35,10/3/2015 6:13:04 AM
4839630,"Free Pass for Affair? Who is Your Pick?",public,114,16709,32,10/5/2015 8:13:06 AM
4839635,"One-Pot Meals Every Week",public,127,14929,45,10/10/2015 6:13:11 AM
4839642,"Quick Party Food for Football Fans",public,76,20481,45,10/17/2015 6:13:18 AM
4839643,"Is Jen Pregnant?",public,31,11514,15,10/18/2015 8:13:19 AM
4839650,"Kids' Food Allergies Up Nearly 20%",public,19,11887,11,10/6/2015 8:13:26 AM
4839651,"What's Your Definition of Ugly?",public,65,12156,30,10/7/2015 8:13:27 AM
4839653,"Design Deals - Nature Walk",public,61,18074,48,10/9/2015 8:11:29 AM
4839661,"Give Blood in Honor of Saw V",public,75,20142,24,10/17/2015 6:14:37 AM
4839662,"breastmilk",public,116,18833,27,10/18/2015 8:14:38 AM
4839664,"Multi-Use Furniture for the Nursery",public,115,19414,35,10/20/2015 8:14:40 AM
4839669,"PTA: Too Much Pressure For You?",public,96,13288,40,10/6/2015 8:14:45 AM
4839680,"Imaginary Friends: Who Was Yours?",public,39,16718,18,10/17/2015 6:14:00 AM
4839681,"America's Next Top Model Recap!",public,110,20581,48,10/18/2015 8:14:01 AM
4839682,"Easy Updo for Moms on the Go",public,128,19395,34,10/19/2015 8:14:02 AM
4839688,"Call Your Mother-in-Law",public,147,11361,37,10/6/2015 8:14:08 AM
4839700,"Real-Mom Birth Stories",public,130,12197,42,10/18/2015 8:14:20 AM
4839706,"Are You Sharing Your Baby Name?",public,69,17199,13,10/5/2015 8:14:26 AM
4839709,"What's on Your Post-Baby To-Do List?",public,73,17224,16,10/8/2015 5:14:29 AM
4839712,"Robert Pattinson is Hot Links",public,100,16247,11,10/11/2015 9:15:32 AM
4839713,"Ideas for Your Weekend Entertainment!",public,94,17828,28,10/12/2015 9:15:33 AM
4839719,"Home & Garden Buzz: Get the Widget!",public,101,12462,18,10/18/2015 9:15:39 AM
4839731,"Get Paid for Having Babies in the UK",public,93,10657,49,10/11/2015 9:15:51 AM
4839745,"Baby Teeth, Bye-Bye",public,68,14514,16,10/6/2015 9:15:09 AM
4839748,"Microwavable Meals Demystified",public,109,16211,40,10/9/2015 9:13:12 AM
4839752,"Pumpkin Seeds Prevent Hair Loss",public,100,14245,36,10/13/2015 9:15:16 AM
4839755,"Where Did Mommy Go?",public,133,15603,27,10/16/2015 9:13:19 AM
4839756,"DRAFT-Abigail's Teen Diary",public,145,19390,48,10/17/2015 7:15:20 AM
4839757,"Win a Free, Fashionable Diaper Bag!",public,134,19293,49,10/18/2015 9:15:21 AM
4839765,"Michael Jackson Comeback Tour?",public,128,20273,34,10/7/2015 9:16:29 AM
4839778,"The Hills Recap!",public,105,12994,29,10/20/2015 9:16:42 AM
4839783,"Ah-choo! Flu Shot Time?",public,82,9959,43,10/6/2015 9:16:47 AM
4839786,"411 on the HSG Test",public,152,12017,36,10/9/2015 9:14:50 AM
4839793,"Food Baby Costumes for Halloween",public,99,12569,17,10/16/2015 9:14:01 AM
4839803,"8 Reasons to Try Prenatal Yoga",public,61,14720,31,10/7/2015 9:16:11 AM
4839805,"New Widget--Gotta Get It",public,73,13363,16,10/9/2015 9:14:13 AM
4839825,"The Secret to a Well-Behaved Baby",public,67,12940,20,10/10/2015 8:17:33 AM
4839830,"The First Family Pet",public,49,19632,18,10/15/2015 7:17:38 AM
4839839,"Apple Cider: How Do You Like It?",public,64,17398,28,10/5/2015 10:17:47 AM
4839840,"How to Make a Perfect Baby",public,92,10021,29,10/6/2015 10:17:48 AM
4839847,"Pink, Johnny Cash and The Cure",public,27,12034,21,10/13/2015 10:17:55 AM
4839849,"Nose Picking",public,172,10087,41,10/15/2015 7:17:01 AM
4839850,"Punish a Nose Picker?",public,106,19196,38,10/16/2015 10:15:02 AM
4839853,"Inspiration: Breakfast at Tiffany's",public,126,17132,49,10/19/2015 10:17:05 AM
4839872,"Item Swap",public,111,9666,18,10/19/2015 10:18:24 AM
4839875,"10 Ideas for Birth Announcements",public,128,15618,33,10/3/2015 8:18:27 AM
4839895,"Do You Know Your Teen's Friends?",public,49,12552,38,10/4/2015 10:18:47 AM
4839905,"Do you Ab Fab?",public,135,9759,33,10/14/2015 10:18:01 AM
4839907,"It's My Birthday: Wishful Wish Listing",public,127,10944,35,10/16/2015 10:16:03 AM
4839910,"Installing Your Baby's Car Seat",public,94,9214,13,10/19/2015 11:19:06 AM
4839919,"John McCain on SNL Links",public,89,11671,42,10/9/2015 11:17:15 AM
4839930,"Get Out the Vote!",public,104,19930,28,10/20/2015 11:19:26 AM
4839933,"Voting is Fashionable",public,59,11055,24,10/4/2015 11:19:29 AM
4839934,"Why Voting Is Fashionable",public,146,18606,38,10/5/2015 11:19:30 AM
4839936,"Wallpaper for Kids (draft)",public,158,11251,47,10/7/2015 11:19:32 AM
4839944,"Free Ice Cream on Election Day!",public,79,17764,31,10/15/2015 8:19:40 AM
4839945,"Cute Turkey Cookies for Thanksgiving",public,146,17320,34,10/16/2015 11:17:41 AM
4839946,"Tired of Politics? Escape into a Movie!",public,51,9601,14,10/17/2015 9:19:42 AM
4839947,"Toddler Caught You Having Sex?",public,66,16244,32,10/18/2015 11:19:43 AM
4839951,"Make Your Voice Heard Today--Literally!",public,109,13448,31,10/3/2015 9:19:47 AM
4839953,"Gwen Stefani vs. Nicole Richie",public,89,15202,36,10/5/2015 11:19:49 AM
4839957,"Baby Gear: A Diaper Alternative",public,79,19660,32,10/9/2015 11:17:53 AM
4839958,"How To Wear a Scarf",public,106,16210,38,10/10/2015 9:19:54 AM
4839961,"More Fun With Wallpaper: Small Projects",public,47,11013,34,10/13/2015 11:20:01 AM
4839967,"What Your Zits Say About You",public,96,11813,19,10/19/2015 11:20:07 AM
4839973,"Toddler Ninja versus The Monster",public,144,20098,35,10/6/2015 11:20:13 AM
4839975,"Election Bubbles Draft",public,124,11490,23,10/8/2015 8:20:15 AM
4839985,"Working Moms: The Childless Boss",public,151,14777,46,10/18/2015 11:20:25 AM
4839989,"Ideas for Cute Maternity Shirts",public,112,13789,29,10/3/2015 9:20:29 AM
4839992,"Belli Skincare",public,117,14988,26,10/6/2015 11:20:32 AM
4839998,"New Info on Whooping Cough",public,68,20450,20,10/12/2015 11:20:38 AM
4839999,"Pediatrician Visits: BYO Toys!",public,36,16280,12,10/13/2015 11:20:39 AM
4840000,"Help! My Baby is Teething",public,81,11767,38,10/14/2015 11:20:40 AM
4840001,"How to Start a Cake Business",public,53,18777,24,10/15/2015 8:20:41 AM
4840008,"Michael Critchon Dies at 66",public,65,20834,22,10/3/2015 9:20:48 AM
4840012,"Alone Time for Mom--Is It Possible?",public,119,15529,17,10/7/2015 12:21:52 PM
4840020,"Colorado - The Skinniest State!",public,57,13036,40,10/15/2015 9:21:04 AM
4840027,"Are Your Tots Brats? How to Tell",public,138,11593,47,10/3/2015 10:21:11 AM
4840028,"Barack Obama Baby Naming Frenzy",public,35,13890,12,10/4/2015 12:21:12 PM
4840031,"Exercises That Just Aren't Worth Doing",public,178,12381,45,10/7/2015 12:21:15 PM
4840032,"Frugal Living: Save Money Now",public,123,16192,22,10/8/2015 9:21:16 AM
4840043,"Would You Get a Tummy Tuck?",public,81,20558,42,10/19/2015 12:21:27 PM
4840046,"Losing the Baby Weight",public,141,17866,43,10/3/2015 10:21:30 AM
4840060,"The Best Movie Jerks",public,149,10779,39,10/17/2015 10:22:44 AM
4840063,"5 Pregnancy Health Myths",public,51,12311,33,10/20/2015 12:22:47 PM
4840072,"Must See Movies: Whassup this Weekend?",public,33,10027,12,10/10/2015 10:22:00 AM
4840082,"DRAFT UTIs: Symptoms and Relief",public,50,10994,17,10/20/2015 12:22:10 PM
4840087,"Favorite Winter Comfort at Home?",public,80,20875,26,10/6/2015 12:22:15 PM
4840090,"You Are Beautiful",public,76,13163,15,10/9/2015 12:20:18 PM
4840109,"DRAFT When Your Jaw Pops",public,96,10840,21,10/9/2015 12:20:37 PM
4840110,"Ugh. I Feel Fat!",public,144,15486,41,10/10/2015 11:23:38 AM
4840118,"Hypoallergenic Dogs for Obama's Kids",public,69,14388,32,10/18/2015 1:23:46 PM
4840123,"Antibiotics Are Being Overused",public,66,9927,46,10/4/2015 1:23:51 PM
4840145,"How to Mix Prints",public,73,9598,33,10/7/2015 1:23:17 PM
4840147,"Coming Home: A Soldier Recalls the Trip",public,141,20126,44,10/9/2015 1:21:19 PM
4840152,"Giving Back to Vets on Veteran's Day",public,151,14045,36,10/14/2015 1:23:24 PM
4840171,"True Blood: Are You Sucked In?",public,78,14260,30,10/14/2015 1:24:43 PM
4840179,"Nutrition Quiz: What's Your Food IQ?",public,31,15283,14,10/3/2015 11:24:51 AM
4840194,"Cranberry Sauce: Take It or Leave It?",public,139,20297,24,10/18/2015 1:24:10 PM
4840195,"Pilgrim Hat Cookies for Thanksgiving",public,129,17136,34,10/19/2015 1:24:11 PM
4840235,"Dads & Daughters: Inspiring New Book",public,146,16314,44,10/2/2015 2:23:51 PM
4840242,"Weekend Brunch: Egg Sausage Strata",public,58,10524,11,10/9/2015 2:23:02 PM
4840246,"Friday Freebies!",public,114,16723,38,10/13/2015 2:25:06 PM
4840252,"Toddler Talk Catch-Up",public,71,12815,28,10/19/2015 2:25:12 PM
4840258,"Talking Parrot Saves Toddler",public,42,12165,27,10/6/2015 2:25:18 PM
4840265,"Team Aniston or Team Jolie?",public,45,20448,27,10/13/2015 2:26:25 PM
4840268,"Weekend Entertainment Round-Up",public,38,16562,26,10/16/2015 2:24:28 PM
4840270,"Weird Web Sites: Share a Laugh!",public,137,19526,46,10/18/2015 2:26:30 PM
4840278,"Which Way do You Sling?",public,86,19422,13,10/7/2015 2:26:38 PM
4840294,"Be Inspired: One Mom's Photos of Home",public,161,12876,48,10/4/2015 2:26:54 PM
4840299,"The Kids Are Away, So Why Can't I Play?",public,142,15486,33,10/9/2015 2:24:03 PM
4840302,"Frizz: Living Proof Has the Cure?",public,140,19596,48,10/12/2015 2:26:06 PM
4840303,"Are You Finished Having Kids?",public,169,20087,49,10/13/2015 2:26:07 PM
4840307,"Baby Mamas vs. Motrin: Baby Mamas Win!",public,82,10103,37,10/17/2015 12:26:11 PM
4840310,"Win this Gorgeous Silk Baby Carrier!",public,23,19371,15,10/20/2015 3:27:14 PM
4840327,"How To Wear a Belt",public,30,12004,21,10/18/2015 3:27:31 PM
4840333,"The Healthiest City: Burlington Vermont",public,37,19960,16,10/5/2015 3:27:37 PM
4840336,"Toddler Fight Caught on",public,143,15255,43,10/8/2015 12:27:40 PM
4840337,"Where are the Male Teachers?",public,88,18058,48,10/9/2015 3:25:41 PM
4840339,"What to Wear to a Winter Wedding",public,93,9600,45,10/11/2015 3:27:43 PM
4840343,"Chick Flicks: Movies That Make Us Cry!",public,117,18165,43,10/15/2015 12:27:47 PM
4840348,"One-Pot Wednesdays: Chili",public,141,9705,48,10/20/2015 3:27:52 PM
4840369,"Baby Dreams: What Yours Mean",public,126,19991,29,10/3/2015 1:28:17 PM
4840375,"Teens Socializing Online: A Good Thing",public,105,18972,46,10/9/2015 3:26:23 PM
4840376,"Flu vs. Cold: A Guide to Symptoms",public,15,12283,14,10/10/2015 1:28:24 PM
4840380,"What's for Dinner, Mom?",public,65,12125,37,10/14/2015 3:28:28 PM
4840381,"Hooray for Friday!",public,148,10222,32,10/15/2015 12:28:29 PM
4840385,"Clinique's Newest Fragrances Are Neato!",public,45,20009,26,10/19/2015 3:28:33 PM
4840390,"Seriously, Do You Like Turkey?",public,114,11616,25,10/5/2015 3:28:38 PM
4840394,"Great Foundations: Makeup That Works",public,110,16715,47,10/9/2015 3:26:42 PM
4840395,"To-Do List Tattoos",public,76,13558,25,10/10/2015 1:28:43 PM
4840405,"Do You Read Her Diary?",public,106,14465,12,10/20/2015 3:28:53 PM
4840406,"Sleep and New Moms",public,143,18409,41,10/2/2015 3:26:54 PM
4840409,"Sunny Yellow Weekend: Links Sweet Links",public,104,14477,41,10/5/2015 3:28:01 PM
4840413,"Do Over! Kids More than 10 Years Apart",public,71,11458,19,10/9/2015 4:27:05 PM
4840415,"Bigger Breasts by Injection?",public,107,20911,24,10/11/2015 4:29:07 PM
4840423,"Movie Madness: Weekend Movie Picks!",public,20,18782,14,10/19/2015 4:29:15 PM
4840428,"Wish Upon a Spa",public,59,15103,21,10/5/2015 4:29:20 PM
4840433,"Choosing the Sex of Your Child",public,116,18791,22,10/10/2015 2:29:25 PM
4840441,"Window Blinds Recall",public,109,19911,43,10/18/2015 4:29:33 PM
4840446,"Have a Great Family Gathering",public,145,12811,34,10/4/2015 4:29:38 PM
4840461,"Be Inspired: Mama to Mama Project",public,43,10882,20,10/19/2015 4:30:53 PM
4840466,"Best Wines for Thanksgiving",public,126,19991,33,10/5/2015 4:30:02 PM
4840469,"Favorite Diner Food",public,51,20252,27,10/8/2015 1:30:05 PM
4840470,"How To Wear Leg Warmers",public,121,20310,30,10/9/2015 4:28:06 PM
4840473,"The Fall of Home Magazines?",public,47,12588,13,10/12/2015 4:30:09 PM
4840488,"What I'm Thankful For",public,136,17485,41,10/8/2015 1:30:24 PM
4840491,"Thanksgiving is My Favorite Holiday!",public,43,14789,20,10/11/2015 4:30:27 PM
4840493,"How Often do You Bathe Your Baby?",public,42,15217,33,10/13/2015 4:30:29 PM
4840509,"Gift Guide: The Philanthropist #2",public,91,17231,11,10/10/2015 2:30:45 PM
4840512,"Toddlers in the Tub",public,153,19067,42,10/13/2015 5:31:48 PM
4840516,"Avoid Dangerous Toys",public,95,9420,35,10/17/2015 3:31:52 PM
4840543,"Rudest Comments While Pregnant!",public,108,19812,48,10/6/2015 5:31:23 PM
4840549,"Gift Guide: Action Junkie",public,67,10601,25,10/12/2015 5:31:29 PM
4840556,"The Best Age to Have a Baby: Teens",public,108,19422,19,10/19/2015 5:31:36 PM
4840559,"Gift Guide, Baby: Bathing Cutie",public,134,19292,30,10/3/2015 3:31:39 PM
4840565,"Can You Google Clitoris?",public,80,10533,48,10/9/2015 5:30:45 PM
4840567,"10 New Sex Positions To Keep You Busy",public,90,15868,15,10/11/2015 5:32:47 PM
4840578,"Sweet Potato Cupcakes",public,111,14338,38,10/3/2015 3:32:02 PM
4840589,"Snuggie: Must-Have or WTH?",public,113,13848,26,10/14/2015 5:32:13 PM
4840595,"Katie Holmes vs. Jessica Biel",public,118,11716,46,10/20/2015 5:32:19 PM
4840599,"Is Obesity a Disability?",public,149,14564,28,10/5/2015 5:32:23 PM
4840602,"Got a Headache? Try Acupuncture",public,82,18228,47,10/8/2015 2:32:26 PM
4840603,"Gift Guide, Big Kids: Creative Kiddo",public,98,14578,14,10/9/2015 5:30:27 PM
4840615,"Gift Guide: Handy (Wo)Man",public,116,11721,23,10/2/2015 6:31:39 PM
4840617,"Starting Your Baby on Solid Food?",public,29,10444,11,10/4/2015 6:33:41 PM
4840618,"Gift Guide: Celeb Obsessed",public,93,20280,49,10/5/2015 6:33:42 PM
4840621,"Gift Guide: Do It Yourselver",public,115,11626,29,10/8/2015 3:33:45 PM
4840623,"Gift Guide, Big Kids: Board Gamer",public,133,20429,44,10/10/2015 4:33:47 PM
4840625,"One-Pot Wednesdays: Vegetable Soup",public,120,9643,37,10/12/2015 6:33:49 PM
4840653,"One Soup, Four Ways",public,130,12689,35,10/2/2015 6:31:21 PM
4840659,"Do Your Kids Wear Helmets?",public,127,11832,48,10/8/2015 3:33:27 PM
4840663,"Holiday Movies: A Christmas Story",public,60,11399,24,10/12/2015 6:34:31 PM
4840668,"Gift Guide: The Gadget Guru",public,141,17967,48,10/17/2015 4:34:36 PM
4840677,"The Holiday Gift Detective",public,31,16494,22,10/7/2015 6:34:45 PM
4840680,"Budget Gifts: Holiday Bucket of Fun!",public,67,10888,32,10/10/2015 4:34:48 PM
4840688,"Jogging 101: Get Started Today",public,121,15313,30,10/18/2015 6:34:00 PM
4840693,"New H&M Home Store",public,175,19991,48,10/4/2015 6:34:05 PM
4840694,"The Life of a First Grader",public,65,17928,16,10/5/2015 6:34:06 PM
4840703,"Are You Putting Holiday Lights Up?",public,81,18991,40,10/14/2015 6:34:15 PM
4840705,"Santa is One Scary Dude",public,81,9445,28,10/16/2015 6:32:17 PM
4840708,"Win Free Diapers for a Year!",public,102,9815,30,10/19/2015 6:34:20 PM
4840714,"Best Cookbooks for the Home Chef",public,87,17910,25,10/6/2015 7:35:26 PM
4840722,"Toddler-Proof Your Christmas Tree",public,128,10875,35,10/14/2015 7:35:34 PM
4840726,"Deal of a Happy Hanukkah Wall Hanging",public,95,20583,21,10/18/2015 7:35:38 PM
4840728,"Weird Websites: Peep Research!",public,53,13733,34,10/20/2015 7:35:40 PM
4840739,"This Could Be Why Your Baby's So Grumpy",public,70,16620,37,10/12/2015 7:35:51 PM
4840749,"Babysitter Gift Ideas",public,133,18636,24,10/3/2015 5:35:05 PM
4840757,"Preschool Teacher Gifts Under $5",public,110,14109,21,10/11/2015 7:35:13 PM
4840769,"A Mother's Moment",public,116,19744,18,10/4/2015 7:36:25 PM
4840771,"Toddlers in Their Big Kid Beds!",public,133,20404,38,10/6/2015 7:36:27 PM
4840772,"You Know You're a Mom When...",public,110,9112,21,10/7/2015 7:36:28 PM
4840779,"Interfaith Holiday Cards",public,105,19680,13,10/14/2015 7:36:35 PM
4840783,"Mom Style: What It Means to Jaiden615",public,90,20108,38,10/18/2015 7:36:39 PM
4840790,"Would You Dye Your Baby's Hair?",public,76,13473,11,10/6/2015 7:36:46 PM
4840791,"Acorns in Bone China: Ornaments I Love",public,116,11206,36,10/7/2015 7:36:47 PM
4840794,"Happy Almost-the-Holidays Weekend!",public,49,19146,30,10/10/2015 5:36:50 PM
4840802,"Easy Cookies: Five Ingredients or Less!",public,110,18987,18,10/18/2015 7:36:02 PM
4840811,"Golden Globe 2009 Nominations are In!",public,104,9936,22,10/8/2015 5:37:11 PM
4840814,"Sleepovers: Do You Allow Them?",public,43,13508,20,10/11/2015 8:37:14 PM
4840820,"Stocking Stuffer: Girly",public,107,17750,33,10/17/2015 6:37:20 PM
4840823,"Ashlee Simpson, Out on the Town",public,43,20376,17,10/20/2015 8:37:23 PM
4840826,"Teacher Gifts: What NOT to Get!",public,166,20756,37,10/4/2015 8:37:26 PM
4840842,"Eggnog: Like or Dislike?",public,98,20871,44,10/20/2015 8:37:42 PM
4840845,"Holiday Recipes: Mulled Wine",public,49,9358,12,10/4/2015 8:37:45 PM
4840851,"Did You Plan Your Baby?",public,145,16988,40,10/10/2015 6:37:51 PM
4840861,"Sunday Game Day!",public,55,19831,46,10/20/2015 8:38:05 PM
4840867,"Delgo: Must See New Family Movie!",public,97,16017,29,10/7/2015 8:38:11 PM
4840871,"Do You Know Baby CPR?",public,64,18801,29,10/11/2015 8:38:15 PM
4840879,"Tips for Buying Used Clothing",public,53,15270,29,10/19/2015 8:38:23 PM
4840880,"Embarrassing Things Kids Say",public,108,9584,32,10/20/2015 8:38:24 PM
4840890,"Mom Style: What It Means to crazedmom",public,50,13996,32,10/11/2015 8:38:34 PM
4840892,"Violent Temper Tantrums: How to Deal",public,117,17268,45,10/13/2015 8:38:36 PM
4840898,"Stocking Stuffers: Get Zen",public,110,10363,12,10/19/2015 8:38:42 PM
4840902,"Baby Names: How Popular is Yours?",public,153,12383,37,10/4/2015 8:38:46 PM
4840917,"Updo for the Holiday: The Retro Look",public,126,16302,21,10/19/2015 9:39:05 PM
4840918,"Breastfeeding Toddlers",public,71,16980,17,10/20/2015 9:39:06 PM
4840933,"Name That Christmas Tune!",public,107,18090,32,10/16/2015 9:37:21 PM
4840938,"5 Things Super Happy Couples Do",public,59,13652,43,10/2/2015 9:37:26 PM
4840942,"Toddler Meal: Barbecue Cups",public,37,9220,16,10/6/2015 9:39:30 PM
4840943,"Paid to Blink?",public,126,12256,38,10/7/2015 9:39:31 PM
4840946,"Adam Walsh Murder: Case Closed",public,61,18976,17,10/10/2015 7:39:34 PM
4840949,"How Long Will You Breastfeed Your Baby?",public,64,18878,41,10/13/2015 9:39:37 PM
4840951,"DIY Catalog Christmas Tree, uh, WOW!",public,81,17069,34,10/15/2015 6:39:39 PM
4840954,"Stocking Stuffers, Big Kids: Game Books",public,82,11594,16,10/18/2015 9:39:42 PM
4840958,"Last Minute Gift Idea: Wine Glasses",public,133,10935,46,10/3/2015 7:39:46 PM
4840959,"One-Pot Wednesdays on Top Chef!",public,120,14306,26,10/4/2015 9:39:47 PM
4840982,"Potato Latkes for Hanukkah",public,142,14463,37,10/8/2015 6:40:14 PM
4840985,"Hand-Washing Battles",public,49,18548,47,10/11/2015 9:40:17 PM
4840998,"Do You Tell Your Kids to ""Shut Up?""",public,37,12747,18,10/5/2015 9:40:30 PM
4840999,"Paris Hilton: Jewel Heist at Her Home!",public,54,14815,30,10/6/2015 9:40:31 PM
4841015,"Reuse Ideas",public,51,16883,35,10/3/2015 8:41:47 PM
4841020,"Baby Names: Hottest Trends for 2009",public,57,14636,20,10/8/2015 7:41:52 PM
4841022,"What Makes You Feel Beautiful?",public,86,10558,39,10/10/2015 8:41:54 PM
4841028,"Tyra Banks Surprises a  with a Makeover",public,25,10002,13,10/16/2015 10:39:04 PM
4841047,"Obama Adds Kids Concert to Inauguration",public,93,13184,25,10/16/2015 10:39:23 PM
4841049,"Diaper Rashâ€”Solved!",public,122,12348,13,10/18/2015 10:41:25 PM
4841054,"Wonderful and Weird Links",public,85,16711,44,10/4/2015 10:41:30 PM
4841055,"2008 Christmas TV and Movie Schedule",public,38,11320,34,10/5/2015 10:41:31 PM
4841059,"5 Ways to Sharpen Your Brain",public,63,15351,31,10/9/2015 10:39:35 PM
4841061,"Holiday Gifts: How Much Did You Spend?",public,55,17260,34,10/11/2015 10:42:37 PM
4841067,"Last Minute Hand-Made Christmas Gifts",public,82,14549,47,10/17/2015 8:42:43 PM
4841068,"Have You Been Surprised by the Sex?",public,99,16483,49,10/18/2015 10:42:44 PM
4841069,"Be Honest: Did You Buy Yourself a Gift?",public,116,18760,21,10/19/2015 10:42:45 PM
4841081,"Regifting: Are You Guilty?",public,113,11383,48,10/12/2015 10:42:01 PM
4841082,"Answers to Common Toddler Problems",public,107,14960,28,10/13/2015 10:42:02 PM
4841088,"FDLS Girls Were Sexually Abused",public,42,15929,15,10/19/2015 10:42:08 PM
4841096,"Now, That's a Big Baby!",public,65,16200,29,10/8/2015 7:42:16 PM
4841101,"Kid Doesn't Wipe Good",public,125,15723,24,10/13/2015 10:42:21 PM
4841102,"Best Thing You Ate in 2008?",public,87,20852,20,10/14/2015 10:42:22 PM
4841106,"Feel Better When You're Sick",public,137,10275,32,10/18/2015 10:42:26 PM
4841110,"Mom Style: What It Means to my2luvbugs",public,50,13407,27,10/3/2015 9:43:30 PM
4841120,"Let's Have an Ugly Sweater Party!",public,58,12300,28,10/13/2015 11:43:40 PM
4841125,"8 Ways to Get Cheaper Child Care",public,98,20834,49,10/18/2015 11:43:45 PM
4841131,"New Year's Eve: Do Your Kids Stay Up?",public,119,14698,21,10/5/2015 11:43:51 PM
4841144,"Top Baby Names on",public,113,13749,13,10/18/2015 11:43:08 PM
4841145,"Get Crafty in 2009?",public,60,18918,13,10/19/2015 11:43:09 PM
4841149,"Does Your Job Keep You Fit?",public,141,19300,47,10/4/2015 11:43:13 PM
4841161,"Do You Wash Clothes Before You Wear?",public,77,11714,14,10/16/2015 11:42:25 PM
4841165,""My Romantic New Year's Eve Plans"",public,109,9592,11,10/20/2015 11:44:29 PM
4841172,"Eleven Year Old Dies Walking in Snow",public,82,11812,41,10/8/2015 8:44:36 PM
4841173,"I Don't Make Resolutions, Do You?",public,143,17437,45,10/9/2015 11:42:37 PM
4841175,"Would You Stop for Food While in Labor?",public,143,20395,41,10/11/2015 11:44:39 PM
4841178,"Weaning a Co-Sleeper: One Mom's Story",public,126,19040,47,10/14/2015 11:44:42 PM
4841181,"Happy New Year's Resolutions",public,25,13019,13,10/17/2015 9:44:45 PM
4841185,"Baby Born on an Airplane",public,73,15655,47,10/2/2015 11:42:49 PM
4841187,"How Many Babies is Too Many?",public,140,17565,40,10/4/2015 11:44:51 PM
4841189,""Shut Up, Mom!" Disrespectful Kids",public,87,19542,28,10/6/2015 11:44:53 PM

